{
    "Scene Type": "SCENE_MENU",
    "GameObjects":
    [
        {
            "Name": "Levels Menu Title",
            "Components":
            {
                "TYPE_TRANSFORM":
                {
                    "Translation": [ -0.2, 0.7],
                    "Scale": [1.5,0.35]
                },
                "TYPE_GLRECT":
                {
                    "Texture": "Menu\\TitleLevels.png",
                    "Color": [0.0, 0.6, 0.1, 0.9]
                }
            },
            "Render Pass": "HUD"
        },


        {
            "Name": "Levels Menu - 1",
            "Archetype": "Menu\\Levels_LevelSelect.json",
            "Components":
            {
                "TYPE_TRANSFORM":
                { 
                    "Translation": [-0.65, 0.4]
                },
                "TYPE_GLRECT":
                {
                    "Texture": "Menu\\Level1.png"
                },
                "TYPE_MENUITEM":
                {
                    "Target": "Level1.json"
                }
            }
        },
        {
            "Name": "Levels Menu - 2",
            "Archetype": "Menu\\Levels_LevelSelect.json",
            "Components":
            {
                "TYPE_TRANSFORM":
                { 
                    "Translation": [-0.65, 0.2]
                },
                "TYPE_GLRECT":
                {
                    "Texture": "Menu\\Level2.png"
                },
                "TYPE_MENUITEM":
                {
                    "Target": "Level2.json"
                }
            }
        },
        {
            "Name": "Levels Menu - 3",
            "Archetype": "Menu\\Levels_LevelSelect.json",
            "Components":
            {
                "TYPE_TRANSFORM":
                { 
                    "Translation": [-0.65, 0.0]
                },
                "TYPE_GLRECT":
                {
                    "Texture": "Menu\\Level3.png"
                },
                "TYPE_MENUITEM":
                {
                    "Target": "Level3.json"
                }
            }
        },
        {
            "Name": "Levels Menu - 4",
            "Archetype": "Menu\\Levels_LevelSelect.json",
            "Components":
            {
                "TYPE_TRANSFORM":
                { 
                    "Translation": [-0.65, -0.2]
                },
                "TYPE_GLRECT":
                {
                    "Texture": "Menu\\Level4.png"
                },
                "TYPE_MENUITEM":
                {
                    "Target": "Level4.json"
                }
            }
        },



        {
            "Name": "Levels Menu Back",
            "Archetype": "Menu\\General_Back.json",
            "Components":
            {
                "TYPE_TRANSFORM":
                { 
                    "Translation": [-0.65, -0.7]
                },
                "TYPE_MENUITEM":
                {
                    "Target": "MainMenu.json"
                }
            }
        }


    ],
    "Level Archetypes":
    [
        "MenuBasics.json"
    ]
}