{
    "Scene Type": "SCENE_MENU",
    "GameObjects":
    [
        {
            "Name": "Main Menu Title",
            "Components":
            {
                "TYPE_TRANSFORM":
                {
                    "Translation": [ -0.2, 0.7],
                    "Scale": [1.5,0.35]
                },
                "TYPE_GLRECT":
                {
                    "Texture": "Menu\\Title.png",
                    "Color": [0.0, 0.6, 0.1, 0.9]
                }
            },
            "Render Pass": "HUD"
        },



        {
            "Name": "Main Menu Levels",
            "Archetype": "Menu\\Main_Levels.json",
            "Components":
            {
                "TYPE_TRANSFORM":
                { 
                    "Translation": [-0.45, 0.3],
                    "Scale": [0.9, 0.25]
                }
            }
        },
        {
            "Name": "Main Menu Tutorial",
            "Archetype": "Menu\\General_Controls.json",
            "Components":
            {
                "TYPE_TRANSFORM":
                { 
                    "Translation": [-0.45, 0.0],
                    "Scale": [0.9, 0.25]
                },
                "TYPE_GLRECT":
                {
                    "Texture": "Menu\\Tutorial.png"
                },
                "TYPE_MENUITEM":
                {
                    "Command": "GO_TO",
                    "Target": "TutorialSelection.json"
                }
            }
        },
        {
            "Name": "Main Menu Quit to Desktop",
            "Archetype": "Menu\\General_QuitToDesktop.json",
            "Components":
            {
                "TYPE_TRANSFORM":
                { 
                    "Translation": [-0.45, -0.3],
                    "Scale": [0.9, 0.25]
                }
            }
        }




    ],
    "Level Archetypes":
    [
        "MenuBasics.json"
    ]
}