{
    "Scene Type": "SCENE_MENU",
    "GameObjects":
    [
        {
            "Name": "Tutorials Menu Title",
            "Components": {
                "TYPE_TRANSFORM": {
                    "Translation": [
                        -0.2,
                        0.7
                    ],
                    "Scale": [
                        1.5,
                        0.35
                    ]
                },
                "TYPE_GLRECT": {
                    "Texture": "Menu\\TitleTutorials.png",
                    "Color": [
                        0.0,
                        0.6,
                        0.1,
                        0.9
                    ]
                }
            },
            "Render Pass": "HUD"
        },


        {
            "Name": "Tutorials Menu Controls",
            "Archetype": "Menu\\General_Back.json",
            "Components": {
                "TYPE_TRANSFORM": {
                    "Translation": [
                        -0.65,
                        0.5
                    ]
                },
                "TYPE_GLRECT":
                {
                    "Texture": "Menu\\Controls.png"
                },
                "TYPE_MENUITEM": {
                    "Target": "Tutorial\\ControlsMenu.json"
                }
            }
        },
        {
            "Name": "Tutorials Menu How to Play",
            "Archetype": "Menu\\General_Back.json",
            "Components": {
                "TYPE_TRANSFORM": {
                    "Translation": [
                        -0.65,
                        0.3
                    ]
                },
                "TYPE_GLRECT": {
                    "Texture": "Menu\\HowToPlay.png"
                },
                "TYPE_MENUITEM": {
                    "Target": "Tutorial\\TutorialMenu.json"
                }
            }
        },
        {
            "Name": "Tutorials Menu HUD",
            "Archetype": "Menu\\General_Back.json",
            "Components": {
                "TYPE_TRANSFORM": {
                    "Translation": [
                        -0.65,
                        0.1
                    ]
                },
                "TYPE_GLRECT": {
                    "Texture": "Menu\\HUDLayout.png"
                },
                "TYPE_MENUITEM": {
                    "Target": "Tutorial\\HUDLayoutMenu.json"
                }
            }
        },


        {
            "Name": "Tutorials Menu Back",
            "Archetype": "Menu\\General_Back.json",
            "Components": {
                "TYPE_TRANSFORM": {
                    "Translation": [
                        -0.65,
                        -0.7
                    ]
                },
                "TYPE_MENUITEM": {
                    "Target": "MainMenu.json"
                }
            }
        }
    ],
    "Level Archetypes":
    [
        "MenuBasics.json"
    ]
}