{
    "Type": "GameObject",
    "Components":
    {
        "TYPE_TRANSFORM":
        {
            "Translation": [0.0, 0.0],
            "Rotation": 0,
            "Scale": [700, 700]
        },
        "TYPE_GLRECT":
        {
            "Texture": "BlackHole.png",
            "Color": [1.0, 1.0, 1.0, 1.0]
        },
        "TYPE_PHYSICSBODY":
        {
            "Mass": 642000000000000000000000000,
            "Circle":
            {
                "Radius": 900
            },
            "HasGravity":""
        }
    }
}