{
    "Type": "GameObject",
    "Components":
    {
        "TYPE_TRANSFORM":
        {
            "Translation": [0.0, 0.0],
            "Rotation": 0,
            "Scale": [6779, 6779]
        },
        "TYPE_GLRECT":
        {
            "Texture": "Mars.png",
            "Color": [1.0, 1.0, 1.0, 1.0]
        },
        "TYPE_PHYSICSBODY":
        {
            "Mass": 6420000000000000000000000,
            "Circle":
            {
                "Radius": 3389.5
            },
            "HasGravity":""
        }
    }
}