{
    "Components":
    {
        "TYPE_TRANSFORM":
        {
            "Translation": [100.0, 100.0],
            "Rotation": 0,
            "Scale": [10.0, 20.0]
        },
        "TYPE_CONTROLLERSHIP": "",
        "TYPE_GLRECT":
        {
            "Texture": "Ship1.png",
            "Color": [0.0, 0.6, 0.1, 1.0]
        },
        "TYPE_PHYSICSBODY":
        {
            "Mass": 90000.0,
            "AABB":
            {
                "Left": 5.0,
                "Right": 5.0,
                "Top": 5.0,
                "Bottom":5.0
            }
        },
        "TYPE_SHIPDATA":
        {
            "Health": 100,
            "Health Max": 100,
            "Power": 100,
            "Power Max": 100,
            "Power Production": 2,

            "Fuel": 100,
            "Fuel Max": 100,
            "Fuel Efficiency": 8,

            "Missiles": 5,

            "Side Note": "These aren't acceleration; these control the force applied by the engines",
            "Main Acceleration": 2000.0,
            "Secondary Acceleration": 800.0,
            "Angular Acceleration": 900.0,

            "Throttle Sensitivity": 2.5,

            "Death Explosion Intensity": 1000.0
        }
    },
    "Render Pass": "MIDGROUND",
    "Shader": "core"
}