[
    {
        "Name": "Pause Title",
        "Archetype": "Menu\\Pause_Title.json",
        "Components":
        {
            "TYPE_TRANSFORM":
            {
                "Translation": [0,0.7]
            }
        }
    },
    {
        "Name": "Pause Restart",
        "Archetype": "Menu\\Pause_Restart.json",
        "Components":
        {
            "TYPE_TRANSFORM":
            {
                "Translation": [0,0.5]
            }
        }
    },
    {
        "Name": "Pause Debug",
        "Archetype": "Menu\\Pause_Debug.json",
        "Components":
        {
            "TYPE_TRANSFORM":
            {
                "Translation": [0,0.3]
            }
        }
    },
    {
        "Name": "Pause Controls",
        "Archetype": "Menu\\General_Controls.json",
        "Components":
        {
            "TYPE_TRANSFORM":
            {
                "Translation": [0,0.1]
            },
            "TYPE_MENUITEM":
            {
                "Command": "MENU_CONTROLS"
            }
        }
    },
    {
        "Name": "Pause Quit Menu",
        "Archetype": "Menu\\Pause_QuitToMenu.json",
        "Components":
        {
            "TYPE_TRANSFORM":
            {
                "Translation": [0,-0.1]
            }
        }
    },
    {
        "Name": "Pause Quit Desktop",
        "Archetype": "Menu\\General_QuitToDesktop.json",
        "Components":
        {
            "TYPE_TRANSFORM":
            {
                "Translation": [0,-0.3]
            }
        }
    }

]