{
    "Description": "Slow, heavily armored and evasive freighter.",
    "GameObjects": [
        {
            "Name": "EnemyShip0",
            "Archetype": "Enemies\\EnemyFreighter.json",
            "Components": {
                "TYPE_TRANSFORM": {
                    "Translation": [
                        -200.0,
                        0.0
                    ],
                    "Rotation": 0
                },
                "TYPE_PHYSICSBODY": {
                    "Velocity": [
                        0.0,
                        1.0
                    ]
                }
            }
        },
        {
            "Name": "EnemyShip0_Turret_1",
            "Archetype": "Turret.json",
            "Components": {
                "TYPE_TRANSFORM": {
                    "Translation": [0,-0.1]
                }
            },
            "Parent": "EnemyShip0"
        },
        {
            "Name": "EnemyShip0_MissileLauncher_1",
            "Archetype": "MissileLauncher.json",
            "Components": {
                "TYPE_TRANSFORM": {
                    "Translation": [0.9,2]
                }
            },
            "Parent": "EnemyShip0"
        },
        {
            "Name": "EnemyShip0_FX_Plume",
            "Components": {
                "TYPE_GLRECT": {
                    "Texture": "Ship3Plume.png",
                    "Color": [0.9, 0.7, 0.5, 0]
                },
                "TYPE_TRANSFORM": {
                    "Translation": [
                        0,
                        -12.5,
                        0
                    ],
                    "Scale": [10,10],
                    "Inherit Rotation": true
                },
                "TYPE_FX_PLUME": {}
            },
            "Parent": "EnemyShip0",
            "Render Pass": "FOREGROUND"
        },
        {
            "Name": "EnemyShip0_Indicator_Forward",
            "Archetype": "Indicators\\ForwardIndicator.json",
            "Parent": "EnemyShip0"
        },
        {
            "Name": "EnemyShip0_Trajectory",
            "Archetype": "TrajectoryLine.json",
            "Components": {
                "TYPE_ORBITALLINE": {
                    "Color": [0.6, 0.1, 0.1, 1]
                }
            },
            "Parent": "EnemyShip0"
        },
        {
            "Name": "EnemyShip0_Health",
            "Archetype": "Indicators\\NPCHealthIndicator.json",
            "Parent": "EnemyShip0"
        }
    ]
}