{
    "Components": {
        "TYPE_TRANSFORM": {},
        "TYPE_GLRECT": {
            "Texture": "Explosion.png",
            "Color": [
                1.0,
                0.9,
                0.7,
                1.0
            ]
        },
        "TYPE_PHYSICSBODY":
        {
            "Mass": 200.0,
            "Circle":
            {
                "Radius": 0.1
            },
            "Collision Type": "NOCLIP"
        },
        "TYPE_EXPLOSION":
        {
            "Intensity": 1000
        }
    },
    "Render Pass": "FOREGROUND"
}