{
    "Components": {
        "TYPE_TRANSFORM": {},
        "TYPE_GLRECT": {
            "Texture": "Explosion_NoDebris.png",
            "Color": [
                0.2,
                0.6,
                1.0,
                1.0
            ]
        },
        "TYPE_PHYSICSBODY":
        {
            "Mass": 60,
            "Circle":
            {
                "Radius": 0.1
            }
        },
        "TYPE_EXPLOSION":
        {
            "Intensity": 10
        }
    },
    "Render Pass": "FOREGROUND"
}