{
    "Components": {
        "TYPE_TRANSFORM": {
            "Rotation": 0,
            "Scale": [30.0, 30.0]
        },
        "TYPE_GLRECT": {
            "Texture": "Station1.png",
            "Color": [
                0.9,
                0.2,
                0.1,
                1.0
            ]
        },
        "TYPE_PHYSICSBODY": {
            "Mass": 99000.0,
            "Circle": 
            {
                "Radius": 17
            }
        },
        "TYPE_SHIPDATA": {
            "Health": 300,
            "Health Max": 300,
            "Fuel": 10,
            "Fuel Max": 100,
            "Fuel Efficiency": 5,
            "Missiles": 15,
            "Main Acceleration": 1.0,
            "Secondary Acceleration": 500.0,
            "Angular Acceleration": 700.0,
            "Throttle Sensitivity": 2.5,
            "Death Explosion Intensity": 1600.0
        },
        "TYPE_AI_CORE": {
            "Desired Altitude": 5000,
            "Shoot Range": 4000,
            "Missile Launch Range": 5000,
            "Missile Launch Probability": 0.5,
            "Missile Launch Time": 10000,
            "Orientation Behavior": "FACE_RADIAL",
            "Maneuvering Speed Threshold": 100,
            "Orbital Adjustment Agression": 0.1
        },
        "TYPE_AI_STATIONARY": {
            "Note": "No parameters, The core's altitude setpoint is used."
        }
    }
}