{
    "Components":
    {
        "TYPE_TRANSFORM":
        {
            "Scale": [22.0, 30.0]
        },
        "TYPE_GLRECT":
        {
            "Texture": "Ship3.png",
            "Color": [0.9, 0.2, 0.1, 1.0]
        },
        "TYPE_PHYSICSBODY":
        {
            "Mass": 120000.0,
            "AABB":
            {
                "Left": 30.0,
                "Right": 30.0,
                "Top": 30.0,
                "Bottom":30.0
            }
        },
        "TYPE_SHIPDATA":
        {
            "Health": 200,
            "Health Max": 200,

            "Fuel": 500,
            "Fuel Max": 500,
            "Fuel Efficiency": 12,

            "Missiles": 15,

            "Main Acceleration": 900.0,
            "Secondary Acceleration": 500.0,
            "Angular Acceleration": 600.0,

            "Throttle Sensitivity": 2.5,

            "Death Explosion Intensity": 1000.0
        },
        "TYPE_AI_CORE":
        {
            "Desired Altitude": 4000,

            "Shoot Range": 900,
            "Missile Launch Range": 5000,
            
            "Missile Launch Probability": 0.2,
            "Missile Launch Time": 300,

            "Orientation Behavior":"FACE_RADIAL",
            "Maneuvering Speed Threshold": 5,
            "Orbital Adjustment Agression": 0.1
        },
        "TYPE_AI_CHASE": 
        {
            "Bruteforce Distance": 1000, 
            "Minimum Distance": 100,
            "Inverted Behavior": {}
        }
    }
}