{
    "Components":
    {
        "TYPE_TRANSFORM":
        {
            "Scale": [10.0, 20.0]
        },
        "TYPE_GLRECT":
        {
            "Texture": "Ship1.png",
            "Color": [0.9, 0.2, 0.1, 1.0]
        },
        "TYPE_PHYSICSBODY":
        {
            "Mass": 90000.0,
            "AABB":
            {
                "Left": 25.0,
                "Right": 25.0,
                "Top": 25.0,
                "Bottom":25.0
            }
        },
        "TYPE_SHIPDATA":
        {
            "Health": 100,
            "Health Max": 100,

            "Fuel": 100,
            "Fuel Max": 100,
            "Fuel Efficiency": 5,

            "Missiles": 5,

            "Main Acceleration": 2000.0,
            "Secondary Acceleration": 750.0,
            "Angular Acceleration": 800.0,

            "Throttle Sensitivity": 2.5,

            "Death Explosion Intensity": 1000.0
        },
        "TYPE_AI_CORE":
        {
            "Desired Altitude": 4000,

            "Shoot Range": 2100,
            "Missile Launch Range": 3000,
            
            "Missile Launch Probability": 0.3,
            "Missile Launch Time": 300,

            "Orientation Behavior":"FACE_PROGRADE",
            "Maneuvering Speed Threshold": 10,
            "Orbital Adjustment Agression": 0.15
        },
        "TYPE_AI_CHASE": 
        {
            "Bruteforce Distance": 2000, 
            "Minimum Distance": 1000
        }
    }
}