{
    "Components":
    {
        "TYPE_TRANSFORM":
        {
            "Scale": [5.0, 10.0]
        },
        "TYPE_GLRECT":
        {
            "Texture": "Ship2.png",
            "Color": [0.9, 0.2, 0.1, 1.0]
        },
        "TYPE_PHYSICSBODY":
        {
            "Mass": 10000.0,
            "AABB":
            {
                "Left": 10.0,
                "Right": 10.0,
                "Top": 10.0,
                "Bottom":10.0
            }
        },
        "TYPE_SHIPDATA":
        {
            "Health": 80,
            "Health Max": 80,

            "Fuel": 100,
            "Fuel Max": 100,
            "Fuel Efficiency": 5,

            "Missiles": 2,

            "Main Acceleration": 5000.0,
            "Secondary Acceleration": 900.0,
            "Angular Acceleration": 900.0,

            "Throttle Sensitivity": 5.5,

            "Death Explosion Intensity": 700.0
        },
        "TYPE_AI_CORE":
        {
            "Desired Altitude": 3700,

            "Shoot Range": 3000,
            "Missile Launch Range": 1500,
            
            "Missile Launch Probability": 0.9,
            "Missile Launch Time": 300,

            "Orientation Behavior":"FACE_PLAYER",
            "Maneuvering Speed Threshold": 3,
            "Orbital Adjustment Agression": 0.4
        },
        "TYPE_AI_CHASE": 
        {
            "Bruteforce Distance": 2500, 
            "Minimum Distance": 1000,
            "Chase Agression": 20
        }
    }
}