{
    "GameObjects": [
        {
            "Name": "EnemyStation",
            "Archetype": "Enemies\\EnemyStation.json",
            "Components": {
                "TYPE_TRANSFORM": {
                    "Translation": [
                        4000.0,
                        -200.0
                    ],
                    "Rotation": 0
                },
                "TYPE_PHYSICSBODY": {
                    "Velocity": [
                        1,
                        -9.0
                    ]
                }
            }
        },
        {
            "Name": "EnemyStation_Turret_1",
            "Archetype": "Turret.json",
            "Components": {
                "TYPE_TRANSFORM": {
                    "Translation": [
                        0,
                        -3
                    ]
                }
            },
            "Parent": "EnemyStation"
        },
        {
            "Name": "EnemyStation_Turret_2",
            "Archetype": "Turret.json",
            "Components": {
                "TYPE_TRANSFORM": {
                    "Translation": [
                        0,
                        3
                    ]
                }
            },
            "Parent": "EnemyStation"
        },
        {
            "Name": "EnemyStation_SuperTurret",
            "Archetype": "Turret.json",
            "Components": {
                "TYPE_TRANSFORM": {
                    "Translation": [
                        3,
                        0
                    ]
                },
                "TYPE_TURRET": {
                    "Fire Rate": 15.0,
                    "Fire Force": 900.0
                }
            },
            "Parent": "EnemyStation"
        },
        {
            "Name": "EnemyStation_MissileLauncher_1",
            "Archetype": "MissileLauncher.json",
            "Components": {
                "TYPE_TRANSFORM": {
                    "Translation": [
                        1,
                        2
                    ],
                    "Rotation": 45
                }
            },
            "Parent": "EnemyStation"
        },
        {
            "Name": "EnemyStation_Indicator_Forward",
            "Archetype": "Indicators\\StationIndicator.json",
            "Parent": "EnemyStation"
        },
        {
            "Name": "EnemyStation_Trajectory",
            "Archetype": "TrajectoryLine.json",
            "Components": {
                "TYPE_ORBITALLINE": {
                    "Color": [
                        0.6,
                        0.1,
                        0.1,
                        1
                    ]
                }
            },
            "Parent": "EnemyStation"
        },
        {
            "Name": "EnemyStation_Health",
            "Archetype": "Indicators\\NPCHealthIndicator.json",
            "Parent": "EnemyStation"
        }
    ]
}