{
    "GameObjects": [
        {
            "Name": "EnemyShip1",
            "Archetype": "Enemies\\EnemyBattleship.json",
            "Components": {
                "TYPE_TRANSFORM": {
                    "Translation": [
                        4000.0,
                        0.0
                    ],
                    "Rotation": 0
                },
                "TYPE_PHYSICSBODY": {
                    "Velocity": [
                        0.3,
                        -9.0
                    ]
                }
            }
        },
        {
            "Name": "EnemyShip1_Turret_1",
            "Archetype": "Turret.json",
            "Components": {
                "TYPE_TRANSFORM": {
                    "Translation": [
                        0,
                        -3.5
                    ]
                }
            },
            "Parent": "EnemyShip1"
        },
        {
            "Name": "EnemyShip1_Turret_2",
            "Archetype": "Turret.json",
            "Components": {
                "TYPE_TRANSFORM": {
                    "Translation": [
                        -1,
                        2
                    ]
                }
            },
            "Parent": "EnemyShip1"
        },
        {
            "Name": "EnemyShip1_MissileLauncher_1",
            "Archetype": "MissileLauncher.json",
            "Components": {
                "TYPE_TRANSFORM": {
                    "Translation": [
                        0.9,
                        2
                    ]
                }
            },
            "Parent": "EnemyShip1"
        },
        
        {
            "Name": "EnemyShip1_FX_Plume",
            "Components": {
                "TYPE_GLRECT": {
                    "Texture": "Ship1Plume.png",
                    "Color": [
                        0.9,
                        0.9,
                        1,
                        0
                    ]
                },
                "TYPE_TRANSFORM": {
                    "Translation": [
                        0,
                        -13.5,
                        0
                    ],
                    "Scale": [
                        10,
                        10
                    ],
                    "Inherit Rotation": true
                },
                "TYPE_FX_PLUME": {}
            },
            "Parent": "EnemyShip1",
            "Render Pass": "FOREGROUND"
        },
        
        {
            "Name": "EnemyShip1_Indicator_Forward",
            "Archetype": "Indicators\\ForwardIndicator.json",
            "Parent": "EnemyShip1"
        },
        {
            "Name": "EnemyShip1_Trajectory",
            "Archetype": "TrajectoryLine.json",
            "Components": {
                "TYPE_ORBITALLINE": {
                    "Color": [
                        0.6,
                        0.1,
                        0.1,
                        1
                    ]
                }
            },
            "Parent": "EnemyShip1"
        },
        {
            "Name": "EnemyShip1_Health",
            "Archetype": "Indicators\\NPCHealthIndicator.json",
            "Parent": "EnemyShip1"
        }
    ]
}