{
    "Scene Type": "Level",
    "GameObjects":
    [
        {
            "Name": "PLAYER",
            "Archetype": "Player.json",
            "Components":
            {
                "TYPE_TRANSFORM":
                {
                    "Translation": [-1000.0, 0.0],
                    "Rotation": 0
                },
                "TYPE_PHYSICSBODY":
                {
                    "Velocity": [0,0]
                }
            }
        },
        {
            "Name": "EnemyShip1",
            "Archetype": "Enemies\\EnemyShip1.json",
            "Components":
            {
                "TYPE_TRANSFORM":
                {
                    "Translation": [100,0]
                },
                "TYPE_PHYSICSBODY":
                {
                    "Velocity": [0,0]
                }
            }
        },

        {
            "Name": "PLAYER_CURSOR",
            "Archetype": "FollowCursor.json"
        }
    ],
    "Level Archetypes":
    [
        "LevelBasics.json",
        "PlayerHUD.json",
        "PlayerShip1.json",
        "EnemyShip1.json"
    ]
}