{
    "GameObjects":
    [
        {
            "Name": "EnemyShip1",
            "Archetype": "Enemies\\EnemyShip1.json",
            "Components":
            {
                "TYPE_TRANSFORM":
                {
                    "Translation": [-100, 4000]
                },
                "TYPE_PHYSICSBODY":
                {
                    "Velocity": [10, 0.5]
                }
            }
        },
        {
            "Name": "Enemy2_Health",
            "Archetype": "Indicators\\NPCHealthIndicator.json",
            "Parent": "EnemyShip1"
        },
        {
            "Name": "Enemy2_Trajectory",
            "Archetype": "TrajectoryLine.json",
            "Components":
            {
                "TYPE_ORBITALLINE":
                {
                    "Color": [0.6,0.1,0.1, 1]
                }
            },
            "Parent": "EnemyShip1"
        },
        {
            "Name": "Enemy1_Indicator_Forward",
            "Archetype": "Indicators\\ForwardIndicator.json",
            "Parent":"EnemyShip1"
        },


        {
            "Name": "PLAYER",
            "Archetype": "Player.json",
            "Components":
            {
                "TYPE_TRANSFORM":
                {
                    "Translation": [6000.0, 1000.0],
                    "Rotation": 0
                },
                "TYPE_PHYSICSBODY":
                {
                    "Velocity": [0.3, -8.0]
                }
            }
        },

        {
            "Name":"Mars",
            "Archetype": "Mars.json"
        }
    ],
    "Level Archetypes":
    [
        "LevelBasics.json",
        "PlayerHUD.json",
        "PlayerShip1.json",
        "EnemyShip1.json"
    ]
}