{
    "Components":
    {
        "TYPE_TRANSFORM":
        {
            "Scale": [1.2, 2.2]
        },
        "TYPE_GLRECT":
        {
            "Texture": "GuidedMissile.png",
            "Color":[
                0.8,
                0.8,
                0.1,
                1.0
            ]
        },
        "TYPE_PHYSICSBODY":
        {
            "Mass": 200.0,
            "AABB":
            {
                "Left": 6.0,
                "Right": 6.0,
                "Top": 6.0,
                "Bottom":6.0
            }
        },
        "TYPE_AI_MISSILE":
        {
            "Activation Timer": 50,
            "Detonation Distance": 600.0,
            "Warhead Intensity": 800.0,
            "Inactive Lifespan": 10000.0,
            "Orthogonal Velocity Correction": 900
        },
        "TYPE_SHIPDATA":
        {
            "Health": 5,
            "Health Max": 5,
            "Power": 100,
            "Power Max": 100,
            "Power Production": 10,

            "Fuel": 70,
            "Fuel Max": 70,
            "Fuel Efficiency": 2,

            "Missiles": 0,

            "Side Note": "These aren't acceleration; these control the force applied by the engines",
            "Main Acceleration": 80.0,
            "Secondary Acceleration": 1.0,
            "Angular Acceleration": 800.0,

            "Throttle Sensitivity": 2.5,

            "Reason for this" : "If a nuclear bomb is destroyed, its conventional explosives are set off, but the nuclear payload doesn't go critical.",
            "Death Explosion Intensity": 10
        }
    },
    "Render Pass": "MIDGROUND"
}